StartDate,EndDate,Status,IPAddress,Progress,Duration (in seconds),Finished,RecordedDate,ResponseId,RecipientLastName,RecipientFirstName,RecipientEmail,ExternalReference,LocationLatitude,LocationLongitude,DistributionChannel,UserLanguage,Q1,Q2,Q3,Q1_1,Q1_2,Q1_3,Q1_4,Q1_5,Q1_6,Q2_1,Q2_2,Q2_3,Q1_1,Q1_2,Q1_3,Q1_4,Q1_5,Q7_1,Q7_2,Q7_3,Q7_4,Q7_5,Q7_6,Q8_1,Q8_2,Q10_1,Q10_2,Q10_3,Q10_4,Q10_5,Q10_6,Q10_7,Q10_8,Q21
Start Date,End Date,Response Type,IP Address,Progress,Duration (in seconds),Finished,Recorded Date,Response ID,Recipient Last Name,Recipient First Name,Recipient Email,External Data Reference,Location Latitude,Location Longitude,Distribution Channel,User Language,Participant ID,Track,Interface,Use the sliders to score these statements from 0 to 21. - MENTAL DEMAND,Use the sliders to score these statements from 0 to 21. - PHYSICAL DEMAND,Use the sliders to score these statements from 0 to 21. - HOW HURRIED OR RUSHED was the task pace?,Use the sliders to score these statements from 0 to 21. - HOW SUCCESSFUL WERE YOU?,Use the sliders to score these statements from 0 to 21. - HOW HARD DID YOU HAVE TO WORK?,"Use the sliders to score these statements from 0 to 21. - HOW INSECURE, ANNOYED OR STRESSED WERE YOU?",Please specify how much you agree with these statements - The AVs were aware of my presence,Please specify how much you agree with these statements - I was confident which of the AVs will yield/not yield,Please specify how much you agree with these statements - I felt safe navigating the scenario,Performance - The system would be useful while cycling.,Performance - Using the system enables me to accomplish my goals more quickly.,Performance - Using the system increases my cycling performance.,Performance - If I would use the system I will reach my destination safely.,Performance - I trusted the interface that the AV will yield/not yield,Anxiety - I have concerns about using the system.,Anxiety - I think I could have an accident because of using the system.,Anxiety - The system is somewhat frightening to me.,Anxiety - I fear that I do not reach my destination because of the system.,Anxiety - I am afraid that I do not understand the system.,Anxiety - I am confident that the system does not affect my riding.,"Behavioural intention to use the system - Assuming I had access to the system, I intend to use it.","Behavioural intention to use the system - Given that I had access to the system, I predict that I would use it.",Score these statements about the interface from 1 to 7. - Obstructive:Supportive,Score these statements about the interface from 1 to 7. - Complicated:Easy,Score these statements about the interface from 1 to 7. - Inefficient:Efficient,Score these statements about the interface from 1 to 7. - Clear:Confusing,Score these statements about the interface from 1 to 7. - Boring:Exciting,Score these statements about the interface from 1 to 7. - Not interesting:Interesting,Score these statements about the interface from 1 to 7. - Inventive:Conventional,Score these statements about the interface from 1 to 7. - Usual:Leading edge,Do you have any feedback on the interface's overall performance?
"{""ImportId"":""startDate"",""timeZone"":""Europe/London""}","{""ImportId"":""endDate"",""timeZone"":""Europe/London""}","{""ImportId"":""status""}","{""ImportId"":""ipAddress""}","{""ImportId"":""progress""}","{""ImportId"":""duration""}","{""ImportId"":""finished""}","{""ImportId"":""recordedDate"",""timeZone"":""Europe/London""}","{""ImportId"":""_recordId""}","{""ImportId"":""recipientLastName""}","{""ImportId"":""recipientFirstName""}","{""ImportId"":""recipientEmail""}","{""ImportId"":""externalDataReference""}","{""ImportId"":""locationLatitude""}","{""ImportId"":""locationLongitude""}","{""ImportId"":""distributionChannel""}","{""ImportId"":""userLanguage""}","{""ImportId"":""QID1_TEXT""}","{""ImportId"":""QID2""}","{""ImportId"":""QID3""}","{""ImportId"":""QID1216021590_1""}","{""ImportId"":""QID1216021590_2""}","{""ImportId"":""QID1216021590_3""}","{""ImportId"":""QID1216021590_4""}","{""ImportId"":""QID1216021590_5""}","{""ImportId"":""QID1216021590_6""}","{""ImportId"":""QID1216021591_1""}","{""ImportId"":""QID1216021591_2""}","{""ImportId"":""QID1216021591_6""}","{""ImportId"":""QID1214679871_1""}","{""ImportId"":""QID1214679871_2""}","{""ImportId"":""QID1214679871_3""}","{""ImportId"":""QID1214679871_4""}","{""ImportId"":""QID1214679871_5""}","{""ImportId"":""QID1214679877_1""}","{""ImportId"":""QID1214679877_2""}","{""ImportId"":""QID1214679877_3""}","{""ImportId"":""QID1214679877_4""}","{""ImportId"":""QID1214679877_5""}","{""ImportId"":""QID1214679877_6""}","{""ImportId"":""QID1214679878_1""}","{""ImportId"":""QID1214679878_2""}","{""ImportId"":""QID1214679880_11""}","{""ImportId"":""QID1214679880_13""}","{""ImportId"":""QID1214679880_20""}","{""ImportId"":""QID1214679880_21""}","{""ImportId"":""QID1214679880_6""}","{""ImportId"":""QID1214679880_7""}","{""ImportId"":""QID1214679880_10""}","{""ImportId"":""QID1214679880_15""}","{""ImportId"":""QID22_TEXT""}"
10/07/2024 15:10,10/07/2024 15:13,0,148.252.133.196,100,191,1,10/07/2024 15:13,R_2fwwOu0rKbvPthB,,,,,51.4964,-0.1224,anonymous,EN-GB,P1,1,1,7,12,10,16,8,12,3,4,2,2,2,2,2,3,4,3,2,2,3,5,4,4,5,5,5,4,4,5,4,5,
10/07/2024 15:16,10/07/2024 15:19,0,148.252.133.196,100,131,1,10/07/2024 15:19,R_2NFiMzHPnDGw3T7,,,,,51.4964,-0.1224,anonymous,EN-GB,P1,2,2,5,7,4,19,6,3,4,4,4,4,4,4,4,4,2,3,2,2,2,4,4,4,6,6,6,5,6,6,3,5,
10/07/2024 15:20,10/07/2024 15:23,0,148.252.133.196,100,147,1,10/07/2024 15:23,R_8jYWkUDwM0GcxHL,,,,,51.4964,-0.1224,anonymous,EN-GB,P1,3,3,4,6,9,17,6,4,4,4,4,4,5,4,4,4,2,3,2,2,2,3,4,4,6,6,6,6,5,5,4,4,
10/07/2024 15:25,10/07/2024 15:28,0,148.252.133.196,100,170,1,10/07/2024 15:28,R_8IbmQlDgTaNcohX,,,,,51.4964,-0.1224,anonymous,EN-GB,P1,4,4,13,13,15,8,12,10,4,3,2,3,2,2,3,2,4,4,3,3,2,2,3,2,3,5,3,5,3,3,4,3,
10/07/2024 17:03,10/07/2024 17:05,0,148.252.133.196,100,146,1,10/07/2024 17:05,R_2ceybsVioSfgzfb,,,,,51.4964,-0.1224,anonymous,EN-GB,P2,1,2,11,9,9,17,12,6,5,5,4,5,4,4,5,4,2,2,4,1,2,4,4,4,6,5,4,2,5,5,1,7,It was useful with the Spatial Audio to hear how close the car was behind me
10/07/2024 17:08,10/07/2024 17:10,0,148.252.133.196,100,130,1,10/07/2024 17:10,R_2oBNoAHlOdepSKt,,,,,51.4964,-0.1224,anonymous,EN-GB,P2,2,4,18,9,15,9,14,13,4,2,2,2,2,2,3,3,5,4,4,4,4,1,2,2,2,3,1,5,5,5,3,5,"Having it on the handlebars made it more demanding, having to look down when i wanted to be looking up at the avs"
10/07/2024 17:10,10/07/2024 17:13,0,148.252.133.196,100,170,1,10/07/2024 17:13,R_8OEQziIaZGoromR,,,,,51.4964,-0.1224,anonymous,EN-GB,P2,3,1,18,9,8,10,17,2,2,4,3,2,3,4,4,4,4,3,2,2,2,2,4,4,4,3,4,3,5,5,4,4,"I felt safer but i adjusted my behaviour to be cautious due to the lack of information, slowing down how fast i was going to have time to process the avs"
10/07/2024 17:14,10/07/2024 17:17,0,148.252.133.196,100,151,1,10/07/2024 17:17,R_8ib1ybnOEMyrHvF,,,,,51.4964,-0.1224,anonymous,EN-GB,P2,4,3,18,8,9,6,15,13,2,3,3,3,3,2,4,3,4,4,2,2,1,2,4,4,2,2,6,5,5,7,5,2,"This felt more natural a car driver, but i felt it impacted my riding as I was having to look at two sources of information front and back, it was quite obstructive and distracting (although maybe the point of the av isn’t yielding)"
11/07/2024 10:23,11/07/2024 10:26,0,130.209.157.54,100,192,1,11/07/2024 10:26,R_2lE642SptxWT2ZX,,,,,55.867,-4.3056,anonymous,EN-GB,P3,1,4,15,10,9,17,9,10,3,2,2,4,4,3,3,3,4,4,3,3,2,2,4,4,5,5,5,3,3,5,4,5,The vibration of the watch wasn’t that useful or even noticeable (focused on the colours)
11/07/2024 10:29,11/07/2024 10:32,0,130.209.157.54,100,175,1,11/07/2024 10:32,R_22o9IA3iQf7SySP,,,,,55.867,-4.3056,anonymous,EN-GB,P3,2,3,11,9,8,16,11,7,4,3,4,4,4,3,4,3,3,4,3,2,2,3,4,4,6,6,6,3,4,4,4,4,
11/07/2024 10:34,11/07/2024 10:35,0,130.209.157.54,100,97,1,11/07/2024 10:35,R_89wSF9c6CXYXlC1,,,,,55.867,-4.3056,anonymous,EN-GB,P3,3,2,11,9,8,18,7,8,4,3,2,2,4,3,3,3,4,5,4,4,2,2,,,3,5,5,5,4,4,4,5,
11/07/2024 10:37,11/07/2024 10:40,0,130.209.157.54,100,140,1,11/07/2024 10:40,R_8JF9DAgqkQ7T3vH,,,,,55.867,-4.3056,anonymous,EN-GB,P3,4,1,16,13,8,14,12,7,4,2,2,2,2,2,2,2,5,5,3,5,3,2,2,2,3,4,1,3,4,4,4,4,"I think this the most dangerous one, definitely would require additional info about the car coming from behind"
11/07/2024 11:52,11/07/2024 11:54,0,130.209.157.54,100,106,1,11/07/2024 11:54,R_8joLnEptmvyJ4TP,,,,,55.867,-4.3056,anonymous,EN-GB,P4,1,3,11,5,15,18,6,6,2,4,3,5,4,4,4,3,3,3,1,2,1,3,5,5,5,5,5,1,6,6,2,6,
11/07/2024 11:56,11/07/2024 11:59,0,148.252.133.196,100,178,1,11/07/2024 11:59,R_2zTGQL4nCrvfLQy,,,,,51.4964,-0.1224,anonymous,EN-GB,P4,2,1,2,2,6,2,2,14,1,1,1,2,2,2,2,2,5,5,5,5,4,4,3,3,4,5,3,4,4,4,2,6,"While the front cars were useful, it was hard to care when I was hit by the car behind. I should not need to check behind me when cycling to check a car wont kill me, the car is obliged to give me a wide berth"
11/07/2024 12:01,11/07/2024 12:04,0,148.252.133.196,100,166,1,11/07/2024 12:04,R_8j3idxSoobRlso9,,,,,51.4964,-0.1224,anonymous,EN-GB,P4,3,4,10,10,16,15,8,8,4,5,4,4,4,3,4,4,4,4,1,1,2,2,4,4,6,6,5,2,6,7,1,6,"I like the gem a lot, but the placement was hard to check without taking eyes off the road. Perhaps a something more in view, like a transparent ring ? But it might cause vection…"
11/07/2024 12:06,11/07/2024 12:07,0,148.252.133.196,100,73,1,11/07/2024 12:07,R_8AX30PXZPAXuYAA,,,,,51.4964,-0.1224,anonymous,EN-GB,P4,4,2,4,4,7,20,5,6,4,5,5,5,5,4,5,5,3,2,1,1,1,3,5,5,7,7,7,2,7,7,1,7,
11/07/2024 13:20,11/07/2024 13:23,0,148.252.140.83,100,194,1,11/07/2024 13:23,R_8LZx8rHXKRfhqql,,,,,51.4964,-0.1224,anonymous,EN-GB,P5,1,1,12,7,6,2,2,1,1,1,1,1,2,2,2,2,5,5,4,3,4,1,1,1,1,2,1,6,4,4,4,4,
11/07/2024 13:25,11/07/2024 13:28,0,148.252.140.83,100,175,1,11/07/2024 13:28,R_8mdDdfuuiKT7QsM,,,,,51.4964,-0.1224,anonymous,EN-GB,P5,2,2,9,3,6,15,5,6,4,3,4,4,4,4,4,4,2,2,2,2,2,2,4,4,6,5,5,3,6,6,2,6,
11/07/2024 13:30,11/07/2024 13:32,0,148.252.140.83,100,161,1,11/07/2024 13:32,R_2npA3UAPMXKm5Z1,,,,,51.4964,-0.1224,anonymous,EN-GB,P5,3,3,15,7,7,15,14,9,3,1,3,4,4,3,3,2,4,3,2,3,2,3,3,3,5,2,4,2,5,6,1,6,
11/07/2024 13:36,11/07/2024 13:40,0,148.252.140.83,100,220,1,11/07/2024 13:40,R_2OVMGsECY7XfrjM,,,,,51.4964,-0.1224,anonymous,EN-GB,P5,4,4,15,6,8,6,11,12,2,2,2,2,2,2,2,2,4,4,3,3,2,4,2,2,5,2,2,6,5,6,3,5,
11/07/2024 13:49,11/07/2024 13:55,0,148.252.140.83,100,339,1,11/07/2024 13:55,R_8g5Z7Puw8lE4ZZc,,,,,51.4964,-0.1224,anonymous,EN-GB,P6,1,2,10,2,7,19,7,1,4,4,4,4,4,1,3,5,5,2,1,1,2,2,1,1,6,6,6,2,7,6,1,6,"I think the interface performed well - I’m still not wholly convinced that every vehicle sees me. I still have reservations with the concept that cyclists should use or invest in any further apparatus to ensure safety with AVs - the impetus should be on the vehicle and not other road users.
"
11/07/2024 13:56,11/07/2024 14:00,0,148.252.140.83,100,225,1,11/07/2024 14:00,R_2eFSpbM7cSJq1MG,,,,,51.4964,-0.1224,anonymous,EN-GB,P6,2,4,16,3,15,10,15,10,2,2,1,1,2,1,2,2,5,5,2,4,4,1,1,1,2,3,3,5,4,4,3,5,I had to look down and away from the road to engage with the system. I found this took a dangerous amount of my attention away from my environment. If we have AR headset a heads up display would make more sense to me. At one point there were 3 flashing red lights which were stressful and I was unsure what my best course of action should be. It took mental energy to notice the flashing light and then attribute it to the appropriate vehicle.
11/07/2024 14:01,11/07/2024 14:06,0,148.252.140.83,100,268,1,11/07/2024 14:06,R_89ctJHwxnQ0oVi4,,,,,51.4964,-0.1224,anonymous,EN-GB,P6,3,1,11,2,14,6,14,13,2,2,1,3,3,1,3,3,4,4,4,4,3,3,4,4,4,5,4,5,4,4,3,4,"The car from behind is the dangerous one and it is somewhat unrealistic that there is no noise from the tyres on the road as you hear from EVs.

I prefer this concept in some ways as it requires no equipment to be worn by the cyclist - objectively it is not as effective as the first condition."
11/07/2024 14:09,11/07/2024 14:12,0,148.252.140.83,100,192,1,11/07/2024 14:12,R_2jVaazPd4g2swv6,,,,,51.4964,-0.1224,anonymous,EN-GB,P6,4,3,4,2,1,21,2,1,3,5,5,5,4,4,5,4,3,3,1,1,1,3,4,4,7,7,7,1,4,5,5,4,Really enjoyed this system - felt very supportive. I think it would benefit from being accompanied by a noise and flashing lane markers. It does not impose on the user but in a dangerous situation I would prefer it to be imposing and attention grabbing.
11/07/2024 14:47,11/07/2024 14:50,0,130.209.157.53,100,151,1,11/07/2024 14:50,R_23wh7p3PTS24cbj,,,,,55.867,-4.3056,anonymous,EN-GB,P7,1,4,4,5,3,19,3,4,4,4,4,4,4,4,4,4,3,2,2,2,2,4,4,4,5,5,5,6,4,4,5,3,
11/07/2024 14:51,11/07/2024 14:54,0,148.252.140.83,100,164,1,11/07/2024 14:54,R_8dTxHEGgRlZxlbH,,,,,51.4964,-0.1224,anonymous,EN-GB,P7,2,3,5,4,4,16,5,7,2,4,3,3,3,3,4,3,3,3,3,2,2,3,4,4,4,4,5,4,5,5,5,3,
11/07/2024 14:55,11/07/2024 14:57,0,148.252.140.83,100,111,1,11/07/2024 14:57,R_2H7hVjHQ6ETmYA9,,,,,51.4964,-0.1224,anonymous,EN-GB,P7,3,2,3,4,3,18,4,4,4,4,4,4,5,4,4,4,2,2,1,1,1,4,4,4,6,6,6,2,5,5,4,5,
11/07/2024 15:00,11/07/2024 15:02,0,148.252.140.83,100,116,1,11/07/2024 15:02,R_2MiEokdlAtZpAWz,,,,,51.4964,-0.1224,anonymous,EN-GB,P7,4,1,8,6,5,12,6,7,2,2,2,3,3,3,4,4,4,3,2,2,2,3,3,3,5,5,5,4,4,4,3,5,
11/07/2024 16:46,11/07/2024 16:50,0,130.209.157.54,100,216,1,11/07/2024 16:50,R_82tprEYi3COsoLF,,,,,55.867,-4.3056,anonymous,EN-GB,P8,1,3,6,,16,18,2,5,2,4,2,4,5,4,2,1,3,5,1,3,1,3,4,4,5,7,7,5,7,4,1,6,"Windows takes a bit to much space, I was so focused on it I ba rely saw the car in front of me
"
11/07/2024 16:51,11/07/2024 16:53,0,130.209.157.54,100,111,1,11/07/2024 16:53,R_893SSatbBNyQ5Jh,,,,,55.867,-4.3056,anonymous,EN-GB,P8,2,1,5,0,18,21,3,2,3,5,4,2,2,1,1,3,1,1,1,1,1,1,2,2,7,7,1,2,1,1,6,1,Light don’t really bring any confidence 
11/07/2024 16:56,11/07/2024 16:57,0,130.209.157.54,100,81,1,11/07/2024 16:57,R_8K8COZTiDW1u6Zj,,,,,55.867,-4.3056,anonymous,EN-GB,P8,3,4,4,,16,21,2,1,4,5,5,5,5,5,5,4,1,1,1,1,1,5,5,5,7,7,7,1,5,7,3,6,
11/07/2024 16:58,11/07/2024 17:00,0,130.209.157.54,100,90,1,11/07/2024 17:00,R_8eknCFWN12Jjvi1,,,,,55.867,-4.3056,anonymous,EN-GB,P8,4,2,3,,17,21,1,1,2,3,4,4,4,3,5,4,1,2,1,2,1,4,4,4,6,7,7,1,6,6,2,5,
11/07/2024 20:21,11/07/2024 20:26,0,130.209.157.54,100,305,1,11/07/2024 20:26,R_8exZjVYv0NYXAw7,,,,,55.867,-4.3056,anonymous,EN-GB,P9,1,1,11,11,20,18,8,17,2,3,3,4,3,3,4,4,2,1,3,1,2,4,5,5,6,6,6,2,5,4,3,7,
11/07/2024 20:27,11/07/2024 20:31,0,130.209.157.54,100,198,1,11/07/2024 20:31,R_83TPGEEeNIO2hcv,,,,,55.867,-4.3056,anonymous,EN-GB,P9,2,2,4,2,4,19,4,1,4,5,5,5,4,4,5,4,2,2,2,1,1,4,4,4,6,5,6,3,6,6,2,6,The beep of a car behind me was very useful 
11/07/2024 20:34,11/07/2024 20:37,0,148.252.140.83,100,223,1,11/07/2024 20:37,R_8PduimfCpLKPZ23,,,,,51.4964,-0.1224,anonymous,EN-GB,P9,3,3,15,8,14,18,15,12,4,3,4,4,3,3,4,4,2,3,2,2,2,3,3,4,2,3,3,4,5,5,2,6,The mirror was distracting 
11/07/2024 20:39,11/07/2024 20:49,0,148.252.140.83,100,578,1,11/07/2024 20:49,R_2ZaHPppn0hTuuxX,,,,,51.4964,-0.1224,anonymous,EN-GB,P9,4,4,17,9,16,7,18,13,3,2,2,3,2,2,2,2,4,3,4,2,3,2,2,2,3,2,3,6,6,4,1,5,"It was inventive however, it was quite confusing, a lot was going on at once. If I had used it a few times maybe it would become more fluid and easier to follow."
11/07/2024 20:51,11/07/2024 20:55,0,148.252.140.83,100,251,1,11/07/2024 20:55,R_2LvLim38KgkzE9r,,,,,51.4964,-0.1224,anonymous,EN-GB,P10,1,2,8,6,17,6,10,14,4,5,5,4,4,4,5,5,3,2,2,2,2,2,4,5,6,5,5,2,7,7,7,6,
11/07/2024 20:57,11/07/2024 21:01,0,148.252.140.83,100,220,1,11/07/2024 21:01,R_2Mov3DQZ5g8Ihe9,,,,,51.4964,-0.1224,anonymous,EN-GB,P10,2,4,21,11,15,4,14,14,4,4,2,2,3,3,2,2,4,5,4,4,4,2,2,2,3,3,4,3,6,6,2,4,
11/07/2024 21:05,11/07/2024 21:07,0,148.252.140.83,100,121,1,11/07/2024 21:07,R_8rf811NkeXmLarv,,,,,51.4964,-0.1224,anonymous,EN-GB,P10,3,1,1,3,1,19,4,2,5,5,5,4,4,5,5,5,1,1,2,2,2,4,5,5,7,7,7,1,4,5,4,3,
11/07/2024 21:09,11/07/2024 21:26,0,148.252.140.83,100,1023,1,11/07/2024 21:26,R_8nPJ6Gw5aBXzaw9,,,,,51.4964,-0.1224,anonymous,EN-GB,P10,4,3,4,3,3,21,4,2,5,5,5,5,5,5,5,5,1,1,1,1,1,5,5,5,7,7,7,2,7,7,2,6,
12/07/2024 10:11,12/07/2024 10:14,0,148.252.147.85,100,165,1,12/07/2024 10:14,R_2na36PIFk0eeKRj,,,,,51.4964,-0.1224,anonymous,EN-GB,P11,1,4,7,5,10,10,6,9,4,4,2,4,4,3,4,2,4,4,3,3,3,3,4,4,5,5,5,6,4,5,3,5,I found it slightly confusing as I saw a gem to my right as a car came from behind me. This happened as another car arrived from the right which confused me as to which the gem corresponded to.
12/07/2024 10:16,12/07/2024 10:19,0,148.252.147.85,100,175,1,12/07/2024 10:19,R_20xG3EuJi15SCiH,,,,,51.4964,-0.1224,anonymous,EN-GB,P11,2,3,5,3,4,20,4,4,5,5,4,4,4,4,4,4,3,3,3,2,1,4,5,5,7,7,7,6,4,5,4,4,"This was a natural interface for me to use as a driver, and I appreciated having on-demand awareness of what is behind me."
12/07/2024 10:21,12/07/2024 10:23,0,148.252.147.85,100,154,1,12/07/2024 10:23,R_2DN76Dpzd0vvKQa,,,,,51.4964,-0.1224,anonymous,EN-GB,P11,3,2,4,4,4,20,6,5,5,5,5,5,4,4,4,4,2,2,3,2,2,4,5,5,7,6,6,3,5,6,3,6,"I liked this one, it felt very congruous with the existing eHMIs, and like an extension of that system. I liked having multimodal feedback."
12/07/2024 10:25,12/07/2024 10:27,0,148.252.147.85,100,118,1,12/07/2024 10:27,R_8PObjnszJUF4PHV,,,,,51.4964,-0.1224,anonymous,EN-GB,P11,4,1,11,6,8,16,7,11,4,3,2,3,3,3,3,4,4,4,4,4,2,2,3,3,2,4,3,5,4,4,4,4,I found it possible to navigate with just eHMI but would prefer one of the other interfaces as additional security.
12/07/2024 11:46,12/07/2024 11:56,0,148.252.147.85,100,560,1,12/07/2024 11:56,R_2OJ4E5LkzR750oZ,,,,,51.4964,-0.1224,anonymous,EN-GB,P12,1,3,13,15,17,13,6,13,3,4,3,4,3,3,3,4,4,2,4,2,4,2,4,4,5,5,5,4,6,6,2,6,
12/07/2024 11:58,12/07/2024 12:03,0,148.252.147.85,100,333,1,12/07/2024 12:03,R_2RqOqU8yAdFqFRu,,,,,51.4964,-0.1224,anonymous,EN-GB,P12,2,1,19,19,11,18,0,16,3,4,2,2,2,2,3,3,4,3,3,4,3,3,3,3,5,5,5,4,5,5,2,5,
12/07/2024 12:07,12/07/2024 12:10,0,148.252.147.85,100,170,1,12/07/2024 12:10,R_2Jhfa5G3cCBqmwt,,,,,51.4964,-0.1224,anonymous,EN-GB,P12,3,4,16,16,10,20,2,2,3,4,5,4,4,4,4,4,3,2,3,2,3,4,5,4,6,6,6,3,6,6,2,6,
12/07/2024 12:13,12/07/2024 12:15,0,148.252.147.85,100,160,1,12/07/2024 12:15,R_8PSov9Qzx9e7SyR,,,,,51.4964,-0.1224,anonymous,EN-GB,P12,4,2,9,9,13,17,1,1,3,4,5,5,5,5,5,5,3,2,3,2,2,4,4,5,7,6,7,2,6,6,2,6,
12/07/2024 13:21,12/07/2024 13:23,0,148.252.147.85,100,137,1,12/07/2024 13:23,R_2QS8J5nwQI9ACUb,,,,,51.4964,-0.1224,anonymous,EN-GB,P13,1,1,4,4,2,17,4,1,1,2,3,3,3,3,2,2,4,4,4,2,4,2,2,2,4,3,4,5,4,4,6,5,
12/07/2024 13:25,12/07/2024 13:27,0,148.252.147.85,100,104,1,12/07/2024 13:27,R_2mleLc2TmrngOm3,,,,,51.4964,-0.1224,anonymous,EN-GB,P13,2,2,2,4,2,19,5,3,4,4,4,4,4,4,4,4,2,2,2,2,2,4,3,3,6,6,6,3,5,5,2,6,
12/07/2024 13:28,12/07/2024 13:31,0,148.252.147.85,100,140,1,12/07/2024 13:31,R_2bSTE5ji1VXNGvv,,,,,51.4964,-0.1224,anonymous,EN-GB,P13,3,3,7,4,4,17,5,4,3,4,3,3,3,3,3,4,4,3,3,2,2,3,3,3,3,5,5,2,5,5,2,6,The rear view mirror idea is good but it should be placed out of the way either to the side or up above like in a car because it is obstructing the view of the road here
12/07/2024 13:33,12/07/2024 13:36,0,148.252.147.85,100,148,1,12/07/2024 13:36,R_8dQhTggOv0IDpr6,,,,,51.4964,-0.1224,anonymous,EN-GB,P13,4,4,6,3,4,16,6,4,2,4,4,4,3,2,2,4,3,4,3,2,3,3,3,3,5,4,3,3,5,5,3,5,The vibrating wrist is a bit distracting but with some getting used to I can see how it could be helpful
12/07/2024 14:46,12/07/2024 14:50,0,148.252.147.85,100,255,1,12/07/2024 14:50,R_2s4kOb3aJKQRgW1,,,,,51.4964,-0.1224,anonymous,EN-GB,P14,1,2,16,4,13,4,7,6,2,4,2,4,2,2,5,3,4,3,3,3,2,2,4,3,6,3,5,5,6,6,2,6,Given some extra familiarity with it it could be very useful
12/07/2024 14:53,12/07/2024 14:56,0,148.252.147.85,100,209,1,12/07/2024 14:56,R_8B9MeHzV6j2pIVr,,,,,51.4964,-0.1224,anonymous,EN-GB,P14,2,4,16,5,12,3,10,12,4,4,2,4,4,4,4,4,3,3,2,3,3,4,4,4,6,5,6,2,6,4,3,5,"Very useful, excellent extra information, too bad it was a bit out of my peripheral view and I kind of forgot it existed at first"
12/07/2024 14:58,12/07/2024 15:01,0,148.252.147.85,100,164,1,12/07/2024 15:01,R_2KtAGQAWnS2862t,,,,,51.4964,-0.1224,anonymous,EN-GB,P14,3,1,5,5,6,1,3,8,2,4,2,4,3,3,3,3,4,4,4,4,4,2,4,4,5,5,3,3,3,3,3,4,Not as convenient as the other two obviously. Had no clue what I was doing
12/07/2024 15:02,12/07/2024 15:06,0,148.252.147.85,100,228,1,12/07/2024 15:06,R_2rpkUQ0IteEz3DH,,,,,51.4964,-0.1224,anonymous,EN-GB,P14,4,3,6,6,4,17,3,3,4,4,4,5,5,5,5,4,2,3,2,2,3,5,5,5,7,5,6,3,6,6,1,7,"Super useful, since it provides the key info about the distance of the car behind me. But that info could be easier I reckon"
12/07/2024 16:33,12/07/2024 16:37,0,148.252.147.85,100,204,1,12/07/2024 16:37,R_8LfT3Pi8TfnZ5cJ,,,,,51.4964,-0.1224,anonymous,EN-GB,P15,1,4,11,5,15,9,9,5,3,4,4,4,4,3,4,2,4,2,3,3,4,2,3,4,4,5,5,2,6,6,4,4,
12/07/2024 16:38,12/07/2024 16:40,0,148.252.147.85,100,90,1,12/07/2024 16:40,R_2NKF6TPRA1iCu0p,,,,,51.4964,-0.1224,anonymous,EN-GB,P15,2,3,8,10,9,18,6,6,3,4,4,4,3,3,4,5,3,3,2,3,2,3,4,4,4,7,7,2,6,6,4,4,
12/07/2024 16:42,12/07/2024 16:43,0,148.252.147.85,100,84,1,12/07/2024 16:43,R_2iAeckQp0Mx6fF7,,,,,51.4964,-0.1224,anonymous,EN-GB,P15,3,2,7,6,5,16,3,3,4,4,4,4,4,3,4,4,3,2,2,2,1,4,3,3,6,6,6,1,6,6,4,4,
12/07/2024 16:46,12/07/2024 16:47,0,148.252.147.85,100,115,1,12/07/2024 16:47,R_2aY4A5i5Z9sKZHU,,,,,51.4964,-0.1224,anonymous,EN-GB,P15,4,1,8,7,17,4,8,9,2,3,2,3,3,3,3,3,4,4,4,4,3,2,3,3,4,3,3,5,3,4,4,4,
12/07/2024 17:05,12/07/2024 17:11,0,148.252.147.85,100,335,1,12/07/2024 17:11,R_8qXmkcKt6Vd7pnz,,,,,51.4964,-0.1224,anonymous,EN-GB,P16,1,3,12,0,13,,12,2,2,2,2,4,4,3,3,3,3,3,2,2,2,3,4,4,5,4,5,5,5,6,6,6,
12/07/2024 17:13,12/07/2024 17:17,0,148.252.147.85,100,224,1,12/07/2024 17:17,R_2xLrSnROuOrMTu1,,,,,51.4964,-0.1224,anonymous,EN-GB,P16,2,1,6,,2,21,,,4,5,5,4,4,3,4,4,2,3,2,2,2,3,4,4,5,5,5,3,5,5,5,6,
12/07/2024 17:20,12/07/2024 17:22,0,148.252.147.85,100,96,1,12/07/2024 17:22,R_8w5Yfe5qeVmTlzQ,,,,,51.4964,-0.1224,anonymous,EN-GB,P16,3,4,16,,13,21,,3,4,4,4,4,3,3,3,4,3,3,2,2,2,3,3,3,3,3,4,5,4,5,5,5,
12/07/2024 17:24,12/07/2024 17:27,0,148.252.147.85,100,224,1,12/07/2024 17:27,R_2jYStnKdTa6KFaH,,,,,51.4964,-0.1224,anonymous,EN-GB,P16,4,2,9,,10,21,,,4,4,4,4,4,4,4,4,2,2,2,2,2,3,4,4,6,6,6,5,6,6,6,6,"Light to come on earlier, potential pulsing of light to match vehicle proximity "
15/07/2024 10:49,15/07/2024 10:53,0,148.252.133.167,100,222,1,15/07/2024 10:53,R_8ptKCaWK1i6VmSL,,,,,51.4964,-0.1224,anonymous,EN-GB,P17,1,1,5,3,2,0,0,0,2,2,2,2,2,2,2,2,4,4,4,4,3,3,3,3,4,5,4,4,4,4,4,4,
15/07/2024 10:55,15/07/2024 10:57,0,148.252.133.167,100,96,1,15/07/2024 10:57,R_8kRKbkyLkPvbraf,,,,,51.4964,-0.1224,anonymous,EN-GB,P17,2,2,0,0,0,21,0,0,4,4,4,5,5,5,5,5,2,2,2,2,2,4,4,4,6,6,6,3,6,6,3,5,
15/07/2024 10:58,15/07/2024 11:01,0,148.252.133.167,100,174,1,15/07/2024 11:01,R_2APHnGAE5BftuXD,,,,,51.4964,-0.1224,anonymous,EN-GB,P17,3,3,0,0,0,21,0,0,4,4,4,4,4,4,4,4,2,2,2,2,2,4,4,4,6,7,7,3,5,5,4,5,I like that I can predict how far the car behind me using the camera
15/07/2024 11:04,15/07/2024 11:07,0,148.252.133.167,100,187,1,15/07/2024 11:07,R_2FXsbI1qJAmdrh2,,,,,51.4964,-0.1224,anonymous,EN-GB,P17,4,4,0,0,0,18,0,1,4,4,4,3,4,3,4,4,4,3,2,3,2,4,4,4,5,4,4,4,5,5,4,5,Putting the gim o handle bar somewhere else in prephary  would make it more useful 
16/07/2024 10:31,16/07/2024 10:33,0,85.255.236.213,100,131,1,16/07/2024 10:33,R_2QSFeQODyUzYhsW,,,,,51.4964,-0.1224,anonymous,EN-GB,P18,1,2,5,10,0,3,0,8,1,4,2,2,2,2,1,4,4,5,4,2,5,1,1,1,3,6,3,6,5,5,3,4,I got ran over
16/07/2024 10:35,16/07/2024 10:37,0,85.255.236.213,100,116,1,16/07/2024 10:37,R_8R7VY4Ufc5EOhlG,,,,,51.4964,-0.1224,anonymous,EN-GB,P18,2,4,1,7,3,21,2,0,1,5,4,4,4,4,3,4,4,1,1,1,1,3,2,2,6,6,6,2,5,5,3,5,I liked it
16/07/2024 10:38,16/07/2024 10:40,0,85.255.236.213,100,130,1,16/07/2024 10:41,R_8Z6ADHKMN7PhdOV,,,,,51.4964,-0.1224,anonymous,EN-GB,P18,3,1,10,7,1,12,11,12,1,4,2,1,1,1,1,4,3,3,3,3,1,3,2,2,5,6,4,4,4,4,3,5,I don’t think having the AV being red helps at all in this specific scenario.
16/07/2024 10:42,16/07/2024 10:44,0,85.255.236.213,100,129,1,16/07/2024 10:44,R_2rUCsMbsihnqAn1,,,,,51.4964,-0.1224,anonymous,EN-GB,P18,4,3,1,2,0,21,2,0,1,5,5,4,5,4,4,4,4,3,1,1,1,2,4,4,6,6,6,2,5,5,3,5,This was my favourite. I felt like I had the most information about my surroundings. Potentially a bit distracting.
16/07/2024 11:46,16/07/2024 11:51,0,85.255.236.213,100,327,1,16/07/2024 11:51,R_8kU2a8XmQHyi7tb,,,,,51.4964,-0.1224,anonymous,EN-GB,P19,1,4,15,13,18,10,20,20,1,2,2,1,1,1,1,3,5,5,4,5,3,1,1,1,1,2,2,6,4,1,4,4,
16/07/2024 11:54,16/07/2024 11:59,0,85.255.236.213,100,312,1,16/07/2024 11:59,R_8T3Nh82E57defrb,,,,,51.4964,-0.1224,anonymous,EN-GB,P19,2,3,4,2,5,21,4,7,4,4,4,4,4,5,4,4,2,3,2,2,1,4,5,5,6,6,6,2,6,6,4,5,
16/07/2024 12:02,16/07/2024 12:05,0,85.255.236.213,100,205,1,16/07/2024 12:05,R_8PYmZyUEhDuDjVy,,,,,51.4964,-0.1224,anonymous,EN-GB,P19,3,2,4,1,6,21,1,3,4,5,4,5,5,5,4,4,2,2,2,2,2,4,5,5,7,7,7,2,7,7,1,4,
16/07/2024 12:07,16/07/2024 12:12,0,85.255.236.213,100,277,1,16/07/2024 12:12,R_2djc5AHzhvNMzf9,,,,,51.4964,-0.1224,anonymous,EN-GB,P19,4,1,9,9,8,21,11,9,5,5,4,4,4,4,5,4,2,2,2,2,1,4,5,5,7,7,7,1,7,7,2,4,This system teaches you to be more self-dependent than the other systems.
16/07/2024 13:24,16/07/2024 13:28,0,85.255.236.213,100,230,1,16/07/2024 13:28,R_8mshazauIaLL3oM,,,,,51.4964,-0.1224,anonymous,EN-GB,P20,2,1,11,8,8,0,8,8,1,2,2,2,2,2,2,2,4,4,4,4,4,2,3,3,3,3,3,6,4,4,3,4,
16/07/2024 13:29,16/07/2024 13:32,0,85.255.236.213,100,161,1,16/07/2024 13:32,R_8EgvAr2Oc5m1sxK,,,,,51.4964,-0.1224,anonymous,EN-GB,P20,3,4,6,6,5,10,16,13,4,4,4,3,3,3,4,4,4,3,3,3,3,3,3,3,4,3,4,5,4,4,4,4,Had to check the diamond all the time
16/07/2024 13:34,16/07/2024 13:36,0,85.255.236.213,100,136,1,16/07/2024 13:36,R_2JXj5XwSqJP93nw,,,,,51.4964,-0.1224,anonymous,EN-GB,P20,4,2,2,2,1,18,1,1,4,4,4,4,4,5,4,4,2,1,2,2,2,4,5,4,6,6,6,2,6,6,3,6,
16/07/2024 13:38,16/07/2024 13:40,0,85.255.236.213,100,97,1,16/07/2024 13:40,R_8YDm4nfq7MDCFS8,,,,,51.4964,-0.1224,anonymous,EN-GB,P20,1,3,1,0,1,18,1,1,5,4,5,5,4,4,4,4,2,1,1,1,2,4,5,4,7,7,7,2,7,7,2,7,