Start Date,End Date,Response Type,IP Address,Progress,Duration (in seconds),Finished,Recorded Date,Response ID,Recipient Last Name,Recipient First Name,Recipient Email,External Data Reference,Location Latitude,Location Longitude,Distribution Channel,User Language,Participant ID,Track,eHMI,Performance - The system would be useful while cycling.,Performance - Using the system enables me to accomplish my goals more quickly.,Performance - Using the system increases my cycling performance.,Performance - If I would use the system I will reach my destination safely.,Effort - My interaction with the system would be clear and understandable.,Effort - It would be easy for me to become skillful at using the system.,Effort - I find the system easy to use.,Effort - Learning how to operate the system is easy for me.,Attitude - Using the system is a good idea.,Attitude - The system makes cycling more interesting.,Attitude - Interacting with the system would be fun.,Attitude - I would like interacting with the system.,Social Influence - I would be proud to show the system to people who are close to me.,Social Influence - People whose opinions are important to me would like the system too.,"Social Influence - In general, people who I like would encourage me to use the system.",Facilitating Conditions - While using the system I can safely maintain my cycling behavior.,Facilitating Conditions - I have the knowledge necessary to use the system.,Facilitating Conditions - The system is compatible with other systems I use.,Facilitating Conditions - There would be somebody I can ask for assistance with system difficulties.,I could complete a task or activity using the system.. - .. if there was no one around to tell me what to do.,I could complete a task or activity using the system.. - .. if I could call someone for help if I got stuck.,I could complete a task or activity using the system.. - .. if I had a lot of time.,I could complete a task or activity using the system.. - .. if I had just the built-in help facility for assistance.,Anxiety - I have concerns about using the system.,Anxiety - I think I could have an accident because of using the system.,Anxiety - The system is somewhat frightening to me.,Anxiety - I fear that I do not reach my destination because of the system.,Anxiety - I am afraid that I do not understand the system.,Anxiety - I am confident that the system does not affect my riding.,"Behavioural intention to use the system - Assuming I had access to the system, I intend to use it.","Behavioural intention to use the system - Given that I had access to the system, I predict that I would use it.",Perceived safety - I believe that using the system is dangerous.,Perceived safety - Using the system requires increased attention.,Perceived safety - The system distracts me from cycling.,Perceived safety - I feel safe while using the system.,Perceived safety - Using the system decreases the accident risk.,Perceived safety - I can use the system without looking at it.,Score these statements about the eHMI in this scenario from 1 to 7. - Obstructive:Supportive,Score these statements about the eHMI in this scenario from 1 to 7. - Complicated:Easy,Score these statements about the eHMI in this scenario from 1 to 7. - Inefficient:Efficient,Score these statements about the eHMI in this scenario from 1 to 7. - Clear:Confusing,Score these statements about the eHMI in this scenario from 1 to 7. - Boring:Exciting,Score these statements about the eHMI in this scenario from 1 to 7. - Not interesting:Interesting,Score these statements about the eHMI in this scenario from 1 to 7. - Inventive:Conventional,Score these statements about the eHMI in this scenario from 1 to 7. - Usual:Leading edge,How much is each of the following affecting you right now? - General discomfort,How much is each of the following affecting you right now? - Fatigue,How much is each of the following affecting you right now? - Headache,How much is each of the following affecting you right now? - Eye strain,How much is each of the following affecting you right now? - Difficulty focusing,How much is each of the following affecting you right now? - Increased salivation,How much is each of the following affecting you right now? - Sweating,How much is each of the following affecting you right now? - Nausea,How much is each of the following affecting you right now? - Difficulty concentrating,"How much is each of the following affecting you right now? - ""Fullness of head""",How much is each of the following affecting you right now? - Blurred vision,How much is each of the following affecting you right now? - Dizziness (eyes open),How much is each of the following affecting you right now? - Dizziness (eyes closed),How much is each of the following affecting you right now? - Vertigo,How much is each of the following affecting you right now? - Stomach awareness,How much is each of the following affecting you right now? - Burping
03/07/2023 12:36,03/07/2023 12:37,0,130.209.157.53,100,16,1,03/07/2023 12:37,R_31oviIBc8gdyviz,,,,,55.867,-4.2621,anonymous,EN,,,,,,,,2,,,,,,,,,,,,,,,,,,,,,,,,,,,,,,,,,,,,,,,,,,,,,,,,,,,,,,,,
04/07/2023 9:48,04/07/2023 9:49,0,130.209.157.54,100,73,1,04/07/2023 9:49,R_qO6QiEqniTtUfxn,,,,,55.867,-4.2621,anonymous,EN,,,,1,2,3,4,1,2,3,4,1,2,4,4,1,2,3,1,2,3,4,1,2,3,5,1,2,3,4,5,,1,5,1,2,3,4,5,3,,,,,,,,,1,2,3,4,5,3,2,1,2,3,4,5,4,3,2,1
04/07/2023 9:49,04/07/2023 9:59,0,130.209.157.54,100,573,1,04/07/2023 9:59,R_3EnddHTbuFCFxXv,,,,,55.867,-4.2621,anonymous,EN,,,,1,2,3,4,1,2,3,4,1,2,3,4,1,2,3,1,2,3,4,1,2,3,4,1,2,3,4,4,3,1,2,1,2,3,4,5,4,,,,,,,,,1,2,3,4,5,4,3,2,2,1,3,4,4,3,2,3
04/07/2023 9:59,04/07/2023 10:08,0,130.209.157.54,100,530,1,04/07/2023 10:08,R_2EGH6khVdQE2xCh,,,,,55.867,-4.2621,anonymous,EN,,,,1,2,3,4,1,2,3,4,1,2,3,4,1,2,3,1,2,3,4,1,2,3,4,1,2,3,4,5,4,1,2,1,2,3,4,5,4,,,,,,,,,1,2,3,5,4,3,2,1,2,3,4,5,4,3,2,1
04/07/2023 10:08,04/07/2023 10:17,0,130.209.157.54,100,571,1,04/07/2023 10:17,R_1kZbYTqDgMOLJHY,,,,,55.867,-4.2621,anonymous,EN,,,,1,2,3,4,1,2,3,4,1,2,3,4,1,2,3,1,2,3,4,1,2,3,4,1,2,3,4,5,,1,2,1,2,3,4,5,4,,,,,,,,,1,2,3,4,5,4,3,2,1,1,3,5,4,3,2,1
04/07/2023 10:17,04/07/2023 10:27,0,130.209.157.54,100,583,1,04/07/2023 10:27,R_dp4xjQLlfBCJ0Vr,,,,,55.867,-4.2621,anonymous,EN,,,,1,2,3,4,1,2,3,4,1,2,3,4,1,2,3,1,2,3,4,1,2,3,4,1,2,3,4,5,4,1,2,1,2,3,4,5,4,,,,,,,,,1,1,1,1,1,1,1,1,1,1,1,1,1,1,1,1
05/07/2023 10:06,05/07/2023 10:08,0,130.209.242.195,100,108,1,05/07/2023 10:08,R_1N3vKHXZ24V2sug,,,,,55.867,-4.2621,anonymous,EN,P2,1,1,2,2,2,2,2,2,2,2,2,2,2,2,3,3,3,1,1,1,2,1,2,1,1,4,4,4,4,4,3,2,2,4,3,3,2,3,2,4,3,4,4,2,2,7,2,1,3,1,1,1,1,1,1,1,1,1,1,1,1,1,1
05/07/2023 10:14,05/07/2023 10:17,0,130.209.242.195,100,153,1,05/07/2023 10:17,R_2rfjv45V0IMPP9v,,,,,55.867,-4.2621,anonymous,EN,P2,3,2,1,1,1,1,1,1,1,1,1,1,1,1,1,1,1,1,1,1,1,1,1,1,1,5,4,2,3,4,1,1,1,4,4,3,1,1,1,3,4,4,2,3,3,6,4,1,2,1,1,1,1,1,1,1,1,1,1,1,1,1,1
05/07/2023 10:19,05/07/2023 10:21,0,130.209.242.195,100,128,1,05/07/2023 10:21,R_2zU5USYb4IwEWtu,,,,,55.867,-4.2621,anonymous,EN,P2,4,5,4,4,4,4,4,4,4,4,4,4,4,3,3,3,3,3,4,3,3,4,2,3,2,4,3,2,2,2,3,3,3,2,2,2,4,4,2,4,3,3,5,5,3,5,5,1,3,1,1,1,1,1,1,1,1,1,1,1,1,1,1
05/07/2023 10:21,05/07/2023 10:23,0,130.209.242.195,100,100,1,05/07/2023 10:23,R_1C3CZbK3VopAjGb,,,,,55.867,-4.2621,anonymous,EN,P2,5,3,4,4,4,4,3,3,2,2,4,4,3,3,3,3,3,4,3,4,4,4,4,4,4,4,2,3,2,4,2,3,3,2,3,3,4,4,2,4,3,3,5,4,4,4,3,1,3,1,1,1,1,1,1,1,1,1,1,1,1,1,1
05/07/2023 12:46,05/07/2023 13:12,0,130.209.157.49,100,1562,1,05/07/2023 13:12,R_239SEGq3ZgZyFzt,,,,,55.867,-4.2621,anonymous,EN,P3,1,2,4,4,4,4,4,4,4,4,4,4,5,4,4,4,4,4,4,4,2,4,3,3,3,3,3,3,3,2,4,4,4,2,4,2,3,3,4,5,7,5,3,5,5,4,3,3,3,3,3,2,3,4,2,2,2,2,2,2,2,1,1
05/07/2023 13:12,05/07/2023 13:17,0,130.209.157.49,100,309,1,05/07/2023 13:17,R_1IoLRZOaohy78gJ,,,,,55.867,-4.2621,anonymous,EN,P3,2,3,2,2,2,1,2,1,2,1,2,1,2,2,2,2,2,2,3,2,4,2,4,4,5,4,4,4,4,5,2,2,2,2,1,3,2,3,2,4,1,2,5,2,2,3,4,3,3,3,3,3,3,1,2,3,2,3,3,3,2,1,1
05/07/2023 13:19,05/07/2023 13:43,0,130.209.157.54,100,1416,1,05/07/2023 13:43,R_UMwFWLntskOwTXX,,,,,55.867,-4.2621,anonymous,EN,P3,3,1,3,3,2,2,2,3,3,3,3,2,2,2,2,2,2,2,3,3,3,3,3,3,3,5,5,5,5,2,2,1,1,4,5,3,2,2,2,4,7,1,4,2,2,7,4,3,3,3,3,2,2,1,1,2,2,2,2,2,1,1,1
05/07/2023 13:43,05/07/2023 14:34,0,130.209.157.54,100,3063,1,05/07/2023 14:34,R_C9sGfykdUDHu50d,,,,,55.867,-4.2621,anonymous,EN,P3,4,5,3,3,3,3,3,4,4,4,3,3,3,3,3,3,3,4,4,3,4,4,3,3,3,4,3,2,3,3,3,3,4,2,4,3,3,3,2,5,6,5,1,6,5,2,2,3,3,3,3,3,2,1,1,3,3,2,3,3,2,2,2
05/07/2023 19:48,05/07/2023 19:55,0,130.209.157.54,100,474,1,05/07/2023 19:55,R_8ldArfz5DcEjkLD,,,,,55.867,-4.2621,anonymous,EN,P4,1,5,5,3,3,2,4,4,2,4,4,4,4,4,4,4,4,4,2,4,5,1,4,4,5,2,5,2,4,4,2,4,4,2,4,4,3,2,4,4,3,2,6,5,5,3,5,3,2,1,2,3,1,1,1,3,1,1,1,1,1,1,1
05/07/2023 19:55,05/07/2023 20:23,0,130.209.157.54,100,1649,1,05/07/2023 20:23,R_3I9MHp4YpSM4wcJ,,,,,55.867,-4.2621,anonymous,EN,P4,2,3,1,1,1,1,1,2,1,2,1,4,2,1,2,2,2,1,1,1,4,1,2,2,4,5,5,5,5,4,1,1,1,5,5,5,1,1,1,1,1,1,7,4,4,4,4,3,1,1,1,2,1,1,1,2,1,1,1,1,1,1,1
05/07/2023 20:47,05/07/2023 21:07,0,130.209.157.54,100,1168,1,05/07/2023 21:07,R_31Lazjcvkdy6Rge,,,,,55.867,-4.2621,anonymous,EN,P4,4,2,5,5,5,5,5,5,5,5,5,5,5,5,5,5,5,5,5,5,5,5,5,5,5,1,1,1,1,1,5,5,5,1,1,1,5,5,5,7,7,7,1,6,7,1,7,3,1,1,1,2,1,1,1,2,1,1,1,1,1,1,1
05/07/2023 21:07,05/07/2023 21:24,0,130.209.157.54,100,1044,1,05/07/2023 21:24,R_2yatogKnn2exkom,,,,,55.867,-4.2621,anonymous,EN,P4,5,1,2,2,2,3,2,4,2,4,1,2,1,1,2,1,2,2,4,4,4,2,4,4,5,5,5,5,5,4,1,2,2,5,5,5,1,1,1,2,2,1,6,2,2,7,1,3,1,1,1,2,1,1,1,2,1,1,1,1,1,1,1
06/07/2023 10:30,06/07/2023 10:51,0,130.209.157.54,100,1295,1,06/07/2023 10:51,R_3k4JNm6HZEfu56F,,,,,55.867,-4.2621,anonymous,EN,P5,2,1,1,1,1,1,1,1,1,2,1,1,1,2,1,1,1,2,4,2,3,4,4,4,5,5,5,5,5,1,1,2,2,1,1,3,1,3,2,2,7,4,6,2,2,7,1,2,1,1,1,1,1,1,1,1,1,1,1,1,1,1,1
06/07/2023 10:51,06/07/2023 11:11,0,130.209.157.54,100,1168,1,06/07/2023 11:11,R_3GAMo4VlG05ENvb,,,,,55.867,-4.2621,anonymous,EN,P5,3,5,5,5,5,5,5,5,5,5,5,4,4,5,5,5,5,5,5,5,5,5,5,5,5,1,1,1,1,1,4,5,5,1,1,1,5,5,5,7,7,7,1,6,6,2,6,2,1,1,2,1,1,1,1,1,1,1,1,1,1,1,1
06/07/2023 11:11,06/07/2023 11:31,0,130.209.157.54,100,1217,1,06/07/2023 11:31,R_3JJVWtohznEdVGP,,,,,55.867,-4.2621,anonymous,EN,P5,4,2,2,1,1,1,5,1,1,5,1,2,1,1,1,1,1,1,5,1,4,5,4,2,3,5,5,5,5,1,3,1,1,5,5,2,2,1,2,2,4,1,5,4,6,6,7,2,1,1,2,1,1,1,1,1,1,1,1,1,1,1,1
06/07/2023 11:31,06/07/2023 11:52,0,130.209.157.54,100,1293,1,06/07/2023 11:52,R_32LzemZlY5PM5l1,,,,,55.867,-4.2621,anonymous,EN,P5,5,3,1,1,1,1,3,1,5,1,1,3,3,1,4,2,1,1,4,4,4,3,4,4,4,1,1,5,4,1,2,1,1,4,5,5,2,1,1,2,1,1,6,6,5,1,7,2,1,1,2,1,1,1,1,1,1,1,1,1,1,1,1
06/07/2023 11:52,06/07/2023 12:39,0,130.209.157.54,100,2783,1,06/07/2023 12:39,R_2fm2zi3dCusR7ZT,,,,,55.867,-4.2621,anonymous,EN,P6,1,2,4,4,4,4,4,4,4,4,4,4,3,3,3,3,3,4,4,4,2,4,3,4,4,2,2,2,2,2,4,4,4,2,4,3,4,4,3,4,5,4,2,5,5,4,7,1,1,1,1,1,1,1,1,1,1,1,1,1,1,1,1
06/07/2023 12:39,06/07/2023 12:52,0,130.209.157.54,100,776,1,06/07/2023 12:52,R_1hKAPbQ17Um2rDb,,,,,55.867,-4.2621,anonymous,EN,P6,2,1,2,2,3,2,2,2,2,2,2,2,2,2,2,2,2,2,2,2,2,3,2,3,3,3,3,3,3,3,3,3,3,3,3,3,3,3,3,3,3,3,4,4,4,4,4,1,1,1,1,1,1,1,1,1,1,1,1,1,1,1,1
06/07/2023 12:52,06/07/2023 13:07,0,130.209.157.54,100,922,1,06/07/2023 13:07,R_3iru9LOksenc1nE,,,,,55.867,-4.2621,anonymous,EN,P6,3,3,4,4,4,4,4,4,4,3,4,4,3,4,3,3,3,4,3,3,2,4,3,4,3,4,3,3,2,4,4,4,4,2,5,3,4,4,1,5,3,4,3,4,4,4,6,1,1,1,1,1,1,1,1,1,1,1,1,1,1,1,1
06/07/2023 13:24,06/07/2023 13:38,0,130.209.157.54,100,837,1,06/07/2023 13:38,R_2pQpbaCiRwgYVgI,,,,,55.867,-4.2621,anonymous,EN,P6,5,5,4,4,4,4,4,4,4,4,4,4,4,4,3,3,3,4,4,3,3,4,2,4,3,2,2,2,2,2,4,4,4,2,4,2,4,4,2,5,5,4,4,4,5,3,5,1,1,1,1,1,1,1,1,1,1,1,1,1,1,1,1
06/07/2023 13:38,06/07/2023 15:34,0,130.209.157.54,100,6946,1,06/07/2023 15:34,R_1dgkwda2qeiIwWa,,,,,55.867,-4.2621,anonymous,EN,P7,1,3,5,3,4,4,3,4,4,3,4,4,3,3,3,4,4,4,3,4,2,3,4,3,4,4,4,4,3,4,4,4,4,1,4,3,4,4,1,6,4,5,5,4,5,3,5,1,2,1,2,1,1,1,1,1,1,1,1,1,1,1,1
06/07/2023 15:34,06/07/2023 15:57,0,130.209.157.54,100,1364,1,06/07/2023 15:57,R_1ocLF9hbMlZ4wC4,,,,,55.867,-4.2621,anonymous,EN,P7,2,5,5,3,4,5,4,4,4,4,5,3,3,4,3,4,4,4,4,4,3,4,5,4,3,2,2,2,2,2,2,5,5,2,4,4,4,4,1,6,5,5,3,4,5,4,5,1,2,1,1,1,1,1,1,1,2,1,1,1,1,1,1
06/07/2023 15:57,06/07/2023 16:17,0,130.209.157.54,100,1180,1,06/07/2023 16:17,R_1FODVRLy121QOUk,,,,,55.867,-4.2621,anonymous,EN,P7,3,2,5,4,4,5,5,5,5,5,5,4,3,5,3,4,4,5,5,5,3,5,5,5,5,2,1,2,1,1,4,5,5,1,3,2,5,5,2,7,7,7,1,4,6,4,4,2,2,1,1,1,1,1,1,1,2,1,1,1,1,1,1
06/07/2023 16:37,06/07/2023 16:54,0,130.209.157.54,100,998,1,06/07/2023 16:54,R_1GCWTfbQcHSgPYh,,,,,55.867,-4.2621,anonymous,EN,P7,5,1,2,2,2,2,2,2,2,2,2,2,2,2,3,3,3,1,2,3,1,3,3,3,3,5,5,4,4,4,2,3,3,4,4,4,2,2,2,1,2,4,6,4,2,4,4,2,2,2,1,1,1,1,1,1,2,1,1,1,1,1,1
07/07/2023 14:35,07/07/2023 15:22,0,130.209.157.49,100,2774,1,07/07/2023 15:22,R_C2Y92aD2Q4lsKMV,,,,,55.867,-4.2621,anonymous,EN,P8,2,5,4,4,3,3,4,4,4,4,4,4,4,4,4,4,3,4,4,3,4,4,2,2,2,2,4,3,2,2,4,4,4,2,4,2,3,3,4,5,5,5,3,4,5,3,6,2,1,1,1,1,1,1,1,1,1,1,1,1,1,1,1
07/07/2023 15:22,07/07/2023 15:57,0,130.209.157.49,100,2123,1,07/07/2023 15:57,R_22siBjNuuz7DpJO,,,,,55.867,-4.2621,anonymous,EN,P8,3,1,3,2,2,3,3,3,3,3,3,3,3,2,3,2,2,4,4,2,3,4,2,2,4,4,4,4,2,4,2,2,2,4,4,2,2,2,2,2,2,3,6,4,4,2,5,2,1,1,1,1,1,1,1,1,1,1,1,1,1,1,1
07/07/2023 15:57,07/07/2023 16:24,0,130.209.157.49,100,1598,1,07/07/2023 16:24,R_XBo5ziL6T6xAWQh,,,,,55.867,-4.2621,anonymous,EN,P8,4,3,3,3,3,4,3,3,3,4,3,4,3,3,3,3,3,4,4,2,4,4,2,2,4,4,3,2,3,4,3,3,4,3,2,2,2,3,4,4,4,4,5,5,5,3,5,2,1,1,1,1,1,1,1,1,1,1,1,1,1,1,1
07/07/2023 16:24,07/07/2023 16:50,0,130.209.157.49,100,1594,1,07/07/2023 16:50,R_qXhoZP6Kc9zo4BH,,,,,55.867,-4.2621,anonymous,EN,P8,5,2,4,4,4,4,4,4,4,4,4,4,4,4,4,4,4,4,4,4,4,4,2,2,2,2,2,2,2,3,4,4,4,2,3,2,4,4,4,5,5,6,3,5,5,3,6,2,1,1,1,1,1,1,1,1,1,1,1,1,1,1,1
07/07/2023 16:50,07/07/2023 17:29,0,130.209.157.49,100,2336,1,07/07/2023 17:29,R_2Ym4F7svR3HpPO7,,,,,55.867,-4.2621,anonymous,EN,P9,1,1,4,4,2,5,4,3,3,4,5,3,3,3,3,3,3,4,4,5,4,4,5,5,5,2,2,2,2,4,2,4,4,2,4,1,4,5,3,3,6,3,6,4,4,3,5,1,2,2,1,2,2,1,1,2,2,1,1,1,1,1,1
07/07/2023 17:29,07/07/2023 17:49,0,130.209.157.49,100,1184,1,07/07/2023 17:49,R_Ze3gk9jQLpdK4yR,,,,,55.867,-4.2621,anonymous,EN,P9,2,2,4,5,3,4,5,5,5,5,5,2,2,4,3,3,3,4,5,5,1,5,5,5,5,4,4,4,2,1,5,5,5,2,2,2,4,4,1,6,7,5,3,4,4,2,5,1,3,1,1,2,1,1,1,2,1,1,1,1,1,1,1
07/07/2023 18:09,07/07/2023 18:38,0,130.209.157.49,100,1746,1,07/07/2023 18:38,R_2RUF8UOLh01deh6,,,,,55.867,-4.2621,anonymous,EN,P9,4,3,4,4,3,4,2,2,2,2,4,3,3,3,4,4,4,4,4,2,4,5,5,5,5,3,4,3,2,1,2,4,4,2,4,2,4,3,2,5,3,3,5,5,4,3,5,2,3,2,2,2,1,1,1,2,3,1,1,1,1,1,1
07/07/2023 18:38,07/07/2023 18:57,0,130.209.157.49,100,1113,1,07/07/2023 18:57,R_31mzw5IDS76oT3r,,,,,55.867,-4.2621,anonymous,EN,P9,5,5,1,1,1,1,1,1,1,2,1,1,1,1,1,1,1,1,4,2,5,5,5,5,5,4,5,2,3,1,2,1,1,5,5,5,2,1,1,3,7,1,7,4,4,5,4,2,3,2,2,2,2,1,1,2,3,1,1,1,1,1,1
10/07/2023 10:09,10/07/2023 10:21,0,130.209.157.54,100,718,1,10/07/2023 10:21,R_3NTVl9nnZoBqVBt,,,,,55.867,-4.2621,anonymous,EN,P10,1,3,5,4,4,4,4,4,4,3,5,5,5,5,5,5,5,4,3,4,3,2,5,5,3,3,2,3,3,4,3,5,5,2,3,3,3,3,3,4,4,4,4,6,6,1,7,1,1,1,1,1,1,1,1,1,1,1,1,1,1,1,1
10/07/2023 10:15,10/07/2023 10:39,0,185.69.145.97,100,1474,1,10/07/2023 10:39,R_XunorE7sYlH7jup,,,,,51.4964,-0.1224,anonymous,EN,P10,2,2,5,5,5,5,5,5,5,5,5,5,5,5,5,5,5,5,5,5,3,5,5,5,5,2,2,2,2,2,2,5,5,2,2,2,4,4,3,7,7,7,1,7,7,1,7,1,1,1,1,1,1,1,1,1,1,1,1,1,1,1,1
10/07/2023 10:39,10/07/2023 10:58,0,185.69.145.97,100,1098,1,10/07/2023 10:58,R_WcD05sAPbpfuHvP,,,,,51.4964,-0.1224,anonymous,EN,P10,3,5,5,5,5,5,5,5,5,5,5,5,5,5,5,5,5,5,5,5,5,3,5,5,5,2,3,2,2,2,2,4,4,3,3,3,3,3,3,6,6,6,2,6,6,1,6,1,1,1,1,1,1,1,1,1,1,1,1,1,1,1,1
10/07/2023 10:58,10/07/2023 11:14,0,185.69.145.97,100,971,1,10/07/2023 11:14,R_1N5lIfyRD32p1qi,,,,,51.4964,-0.1224,anonymous,EN,P10,4,1,4,4,4,4,3,4,4,3,4,3,3,3,5,5,5,4,3,3,4,3,4,4,3,3,3,3,3,3,3,3,3,3,3,3,3,3,2,4,4,4,3,4,4,4,3,1,1,1,1,1,1,1,1,1,1,1,1,1,1,1,1
10/07/2023 11:30,10/07/2023 14:04,0,130.209.157.51,100,9224,1,10/07/2023 14:04,R_1EcZdF6Lc1VGbnr,,,,,55.867,-4.2621,anonymous,EN,P11,1,5,5,4,3,5,4,4,4,5,5,5,5,5,5,5,5,5,5,5,4,3,5,4,4,2,2,4,1,1,5,4,4,1,3,1,5,5,5,7,6,7,1,7,7,1,7,1,1,1,1,1,1,1,1,1,1,1,1,1,1,1,1
10/07/2023 14:19,10/07/2023 14:42,0,130.209.157.51,100,1383,1,10/07/2023 14:42,R_1E9WyjTchzdg3UF,,,,,55.867,-4.2621,anonymous,EN,P11,3,3,3,2,2,3,2,2,2,2,3,2,2,2,3,3,3,2,2,2,2,4,4,4,4,4,4,4,4,4,2,3,3,3,5,2,2,3,2,5,1,2,7,3,3,4,7,2,1,1,3,1,1,1,3,2,1,2,3,2,1,1,1
10/07/2023 14:42,10/07/2023 15:00,0,130.209.157.54,100,1078,1,10/07/2023 15:00,R_3kj3cARSUKS0Rh0,,,,,55.867,-4.2621,anonymous,EN,P11,4,1,4,4,4,4,3,4,4,4,4,4,4,4,4,4,4,4,4,4,4,4,4,4,4,2,2,2,2,2,2,4,4,1,4,1,3,3,3,5,5,7,3,6,6,2,7,3,1,2,3,2,1,1,3,2,2,2,3,2,1,2,1
10/07/2023 15:00,10/07/2023 15:17,0,130.209.157.54,100,1060,1,10/07/2023 15:17,R_2s5ZYlzh4bVK3pE,,,,,55.867,-4.2621,anonymous,EN,P11,5,2,5,5,5,5,5,5,5,5,5,5,5,5,5,5,5,5,5,5,5,5,5,5,5,1,1,1,1,1,5,5,5,1,3,1,5,5,4,7,7,7,1,7,7,1,7,3,1,2,4,3,1,1,3,2,3,2,3,2,1,3,1
10/07/2023 15:17,10/07/2023 16:13,0,130.209.157.54,100,3342,1,10/07/2023 16:13,R_1Qg58s68YierPLV,,,,,55.867,-4.2621,anonymous,EN,P12,1,1,1,1,1,1,1,1,1,1,2,2,2,2,2,2,2,2,2,2,2,2,3,2,3,4,4,4,4,4,4,2,2,4,4,5,2,4,2,3,3,3,5,2,2,7,2,4,4,3,3,4,4,3,3,4,3,3,4,3,3,2,2
10/07/2023 16:35,10/07/2023 16:54,0,130.209.157.54,100,1106,1,10/07/2023 16:54,R_3ir49shvVJ7hs49,,,,,55.867,-4.2621,anonymous,EN,P12,3,2,5,5,5,5,5,5,5,5,5,5,3,3,3,5,5,4,4,4,3,5,3,3,5,3,4,3,3,1,4,4,4,3,3,3,4,4,2,5,7,7,1,4,7,3,2,2,3,2,3,3,3,3,2,2,2,3,3,3,3,3,3
10/07/2023 16:54,10/07/2023 17:14,0,130.209.157.54,100,1213,1,10/07/2023 17:14,R_sGs3KMCPm6LLMBj,,,,,55.867,-4.2621,anonymous,EN,P12,4,5,3,3,3,3,2,2,2,2,3,4,4,2,3,3,2,3,3,4,2,4,3,4,3,4,4,4,4,4,2,2,2,4,4,4,2,3,2,3,2,4,4,3,4,3,4,3,4,2,2,4,3,3,4,4,2,3,3,3,4,4,4
10/07/2023 17:14,10/07/2023 17:34,0,130.209.157.54,100,1190,1,10/07/2023 17:34,R_d73f1aXonbf4fNT,,,,,55.867,-4.2621,anonymous,EN,P12,5,3,4,3,3,3,3,4,2,2,4,4,2,3,3,3,3,3,3,3,4,3,3,4,4,4,4,4,4,5,2,3,3,3,5,5,2,3,2,3,2,4,5,4,6,2,4,4,4,3,4,4,4,3,4,4,3,4,4,4,4,4,4
11/07/2023 9:16,11/07/2023 9:21,0,130.209.157.54,100,324,1,11/07/2023 9:21,R_1IXX6cRs5wOcdYg,,,,,55.867,-4.2621,anonymous,EN,P13,1,2,3,3,2,3,3,3,2,3,3,3,3,3,3,3,3,2,4,3,3,3,3,3,3,4,4,4,4,4,2,3,3,4,4,4,2,2,2,3,3,3,5,3,3,5,4,1,2,1,1,1,1,1,1,1,1,1,1,1,1,1,1
11/07/2023 9:21,11/07/2023 9:48,0,130.209.157.54,100,1567,1,11/07/2023 9:48,R_BtFTs1GaJ99PIMp,,,,,55.867,-4.2621,anonymous,EN,P13,2,3,2,2,2,2,3,3,2,2,2,2,2,2,2,2,2,2,3,2,2,2,2,3,3,5,5,5,5,5,2,2,2,4,4,4,2,2,2,3,3,3,7,2,2,5,4,1,2,1,1,1,1,1,1,1,1,1,1,1,1,1,1
11/07/2023 9:48,11/07/2023 10:04,0,130.209.157.54,100,964,1,11/07/2023 10:04,R_rceE08ByBvnmBUZ,,,,,55.867,-4.2621,anonymous,EN,P13,3,1,4,4,4,4,4,4,4,4,4,3,4,4,3,3,3,4,5,4,3,3,3,3,3,4,3,3,3,2,3,4,4,3,4,4,3,3,4,5,6,6,2,2,2,7,2,1,2,1,1,1,1,1,1,1,1,1,1,1,1,1,1
11/07/2023 10:04,11/07/2023 10:28,0,130.209.157.54,100,1445,1,11/07/2023 10:28,R_3PbG2s11XbMMo04,,,,,55.867,-4.2621,anonymous,EN,P13,4,5,3,4,2,2,3,3,2,3,2,4,3,3,3,3,3,3,4,4,3,2,2,2,2,4,4,4,4,4,2,3,4,4,4,4,2,2,3,5,5,5,3,5,5,5,5,1,2,1,1,1,1,1,1,1,1,1,1,1,1,1,1
11/07/2023 13:24,11/07/2023 13:31,0,130.209.157.54,100,429,1,11/07/2023 13:31,R_XGQvSOL7R8SmlnH,,,,,55.867,-4.2621,anonymous,EN,P14,1,5,4,4,2,3,2,4,2,3,4,4,4,4,3,2,3,2,4,3,2,1,2,4,4,4,5,4,4,4,2,3,3,4,5,3,2,3,1,5,3,3,7,4,5,3,5,1,2,1,1,1,1,2,1,1,1,1,1,1,1,1,1
11/07/2023 13:31,11/07/2023 13:51,0,130.209.157.54,100,1173,1,11/07/2023 13:51,R_01m5jiN0nmedQC5,,,,,55.867,-4.2621,anonymous,EN,P14,2,3,4,4,5,4,4,5,4,4,4,5,5,5,3,3,3,4,4,3,4,4,5,5,5,4,3,3,2,2,2,4,4,3,4,4,4,4,1,5,5,5,3,4,5,4,5,1,2,1,1,1,1,2,1,1,1,1,1,1,1,1,1
11/07/2023 14:08,11/07/2023 14:24,0,130.209.157.54,100,988,1,11/07/2023 14:24,R_6u6Jv10VN6mmElr,,,,,55.867,-4.2621,anonymous,EN,P14,4,2,5,5,5,5,5,5,5,5,5,3,4,4,3,3,3,4,5,3,4,5,5,5,5,3,2,2,2,1,4,3,3,2,1,1,5,4,4,7,7,7,1,3,3,5,2,2,2,1,1,1,1,3,1,1,1,1,1,1,1,1,2
11/07/2023 14:24,11/07/2023 14:41,0,130.209.157.54,100,1026,1,11/07/2023 14:41,R_28O3ldyGKULDgbK,,,,,55.867,-4.2621,anonymous,EN,P14,5,1,4,4,4,3,4,4,4,4,3,3,3,3,3,3,3,4,4,4,5,5,5,5,5,3,4,4,4,1,4,3,3,2,5,3,3,5,1,5,6,5,5,1,2,7,1,2,3,,1,1,1,4,1,1,1,1,1,1,1,1,1
11/07/2023 16:36,11/07/2023 16:51,0,130.209.157.51,100,904,1,11/07/2023 16:51,R_1F2tq68ywiXCptq,,,,,55.867,-4.2621,anonymous,EN,P15,2,1,4,3,2,3,2,3,3,2,3,3,3,3,3,3,3,3,3,3,3,3,3,3,3,3,3,3,3,3,3,4,4,4,4,3,2,3,2,5,3,3,5,3,3,4,3,1,1,1,1,1,1,1,1,1,1,1,1,1,1,1,1
11/07/2023 16:51,11/07/2023 17:04,0,130.209.157.51,100,771,1,11/07/2023 17:04,R_33C4zyPDDpNGwEU,,,,,55.867,-4.2621,anonymous,EN,P15,3,5,4,4,4,4,4,4,2,2,4,4,4,4,4,4,4,4,4,3,3,4,4,4,4,4,4,3,3,4,4,4,4,4,4,4,3,4,3,5,3,5,5,5,5,4,5,1,1,1,1,1,1,1,1,1,1,1,1,1,1,1,1
11/07/2023 17:04,11/07/2023 17:15,0,130.209.157.51,100,638,1,11/07/2023 17:15,R_2pM10ExZBCPWpym,,,,,55.867,-4.2621,anonymous,EN,P15,4,2,5,5,5,5,5,5,5,5,5,5,5,5,5,5,5,5,5,5,5,5,5,5,5,5,5,5,5,5,5,5,5,5,5,5,5,5,5,6,6,6,2,6,6,6,6,2,2,2,1,1,1,1,1,1,1,1,1,1,1,1,1
11/07/2023 17:15,11/07/2023 17:26,0,130.209.157.51,100,661,1,11/07/2023 17:26,R_2qltMvDsh1WjxFh,,,,,55.867,-4.2621,anonymous,EN,P15,5,3,1,1,1,1,1,1,1,1,1,1,1,1,1,1,1,1,1,1,1,1,1,1,1,1,1,1,1,1,1,1,1,1,1,1,1,1,1,2,1,1,7,1,1,1,4,2,2,2,2,1,1,1,1,1,1,1,1,1,1,1,1
11/07/2023 17:26,12/07/2023 14:15,0,130.209.157.54,100,74947,1,12/07/2023 14:15,R_xDSEZGmSVbiBeil,,,,,55.867,-4.2621,anonymous,EN,P16,1,2,4,3,3,2,2,3,2,3,3,2,2,2,3,2,3,1,3,3,3,2,4,4,3,5,5,5,5,4,1,3,4,3,5,4,3,4,2,4,2,2,6,4,4,6,2,2,2,1,2,2,1,1,1,2,1,2,1,1,1,1,1
12/07/2023 14:15,12/07/2023 14:32,0,130.209.157.54,100,993,1,12/07/2023 14:32,R_0VzkQjKVcj7hQDT,,,,,55.867,-4.2621,anonymous,EN,P16,2,1,1,2,3,2,1,3,2,1,2,4,2,1,1,1,1,3,3,3,3,2,2,3,3,5,5,5,5,5,1,2,3,5,5,3,2,1,3,4,4,3,6,4,2,7,1,2,2,1,2,2,1,1,1,2,1,1,1,1,1,1,1
12/07/2023 14:32,12/07/2023 14:49,0,130.209.157.54,100,1016,1,12/07/2023 14:49,R_1gnjRgaFYiKUiT3,,,,,55.867,-4.2621,anonymous,EN,P16,3,3,3,2,2,2,1,1,1,2,3,4,2,1,3,2,2,1,1,1,1,1,2,4,3,5,5,5,5,5,1,2,2,5,5,5,1,2,1,1,1,4,7,5,4,3,4,2,2,1,2,2,1,1,1,2,1,1,1,1,1,1,1
12/07/2023 15:02,12/07/2023 15:19,0,130.209.157.54,100,1009,1,12/07/2023 15:19,R_2sSz2XQFLed2LpJ,,,,,55.867,-4.2621,anonymous,EN,P16,5,5,4,4,4,3,3,4,3,3,4,4,4,4,4,3,3,4,3,3,3,4,4,4,4,5,5,5,5,3,1,4,4,4,5,4,3,3,1,5,4,3,4,4,4,4,4,2,2,1,1,2,1,1,1,2,1,2,1,1,1,2,1
12/07/2023 15:19,13/07/2023 10:09,0,130.209.157.53,100,67794,1,13/07/2023 10:09,R_3EaPjFWEppqYWU9,,,,,55.867,-4.2621,anonymous,EN,P17,1,3,4,3,2,3,4,2,5,5,3,4,5,5,5,3,3,4,5,5,3,4,5,4,3,4,4,2,2,2,4,3,3,1,3,2,4,2,4,7,5,5,1,7,7,3,4,2,2,1,1,1,1,1,1,1,1,1,3,3,1,1,1
13/07/2023 10:09,13/07/2023 10:30,0,130.209.157.53,100,1272,1,13/07/2023 10:30,R_1hySNoMAtcUbDQr,,,,,55.867,-4.2621,anonymous,EN,P17,2,5,3,4,3,3,4,4,4,5,2,3,3,4,2,4,1,2,4,5,4,4,4,4,3,4,4,2,2,4,5,3,3,2,4,2,4,3,2,3,6,4,7,4,4,7,6,4,4,1,1,1,1,4,4,1,1,1,4,4,1,4,2
13/07/2023 10:30,13/07/2023 14:39,0,130.209.157.53,100,14909,1,13/07/2023 14:39,R_1QyeJpKNPC3VnA1,,,,,55.867,-4.2621,anonymous,EN,P18,1,3,5,5,4,4,4,5,3,4,4,5,4,5,5,5,5,4,5,4,2,5,2,4,4,2,2,1,1,4,2,5,5,1,4,2,5,5,1,5,3,5,5,6,6,2,7,1,1,1,1,1,1,1,1,1,1,1,1,1,1,1,1
13/07/2023 14:39,13/07/2023 14:50,0,130.209.157.53,100,706,1,13/07/2023 14:50,R_1guKIFaDI30GGdl,,,,,55.867,-4.2621,anonymous,EN,P18,2,5,5,5,5,5,5,5,4,5,5,5,5,5,4,4,4,5,5,5,5,5,4,4,2,2,4,1,1,1,2,5,5,1,4,1,5,5,1,7,7,6,3,3,3,6,3,1,1,1,1,1,1,2,1,1,1,1,1,1,1,2,1
13/07/2023 14:50,13/07/2023 15:04,0,130.209.157.53,100,834,1,13/07/2023 15:04,R_2dRSEIAHYNpDAv2,,,,,55.867,-4.2621,anonymous,EN,P18,3,2,5,5,5,5,5,5,4,5,5,5,5,5,5,5,5,5,4,4,5,4,5,4,5,2,2,1,1,2,2,5,5,1,4,2,4,4,1,7,3,6,5,7,7,1,7,1,1,1,1,1,1,1,1,1,1,1,1,1,1,1,1
13/07/2023 15:18,13/07/2023 15:31,0,130.209.157.53,100,750,1,13/07/2023 15:31,R_3Rwq8osC9dcMf6j,,,,,55.867,-4.2621,anonymous,EN,P18,5,1,1,1,1,1,1,1,1,1,1,1,1,1,1,1,1,1,1,1,1,1,1,1,1,5,5,5,5,5,1,1,1,5,5,5,1,1,1,1,1,1,7,1,1,7,1,1,1,1,1,1,1,1,1,1,1,1,1,1,1,1,1
13/07/2023 17:18,13/07/2023 17:35,0,130.209.157.53,100,1040,1,13/07/2023 17:50,R_1mEMVPICWlcCa16,,,,,55.867,-4.2621,anonymous,EN,P19,2,5,5,5,5,5,5,5,5,5,5,5,5,5,5,5,5,5,5,5,5,5,5,5,5,1,1,1,1,1,1,5,5,1,3,1,1,1,1,7,7,7,1,7,7,7,7,1,1,1,1,1,1,1,1,1,1,1,1,1,1,1,1
13/07/2023 17:35,13/07/2023 17:51,0,130.209.157.53,100,944,1,13/07/2023 17:51,R_2Ck9zjGPAWylkAk,,,,,55.867,-4.2621,anonymous,EN,P19,3,1,4,4,4,5,5,5,4,5,5,5,5,4,5,5,5,5,5,5,5,5,5,5,4,1,1,1,1,1,1,5,5,1,1,1,1,1,1,7,7,7,1,7,7,7,7,1,1,1,1,1,1,1,1,1,1,1,1,1,1,1,1
13/07/2023 17:51,13/07/2023 18:02,0,130.209.157.53,100,662,1,13/07/2023 18:02,R_T10F3zltEUFhebn,,,,,55.867,-4.2621,anonymous,EN,P19,4,3,5,5,5,5,5,5,5,5,5,5,5,5,5,5,5,5,5,5,5,5,5,5,5,1,1,1,1,1,1,5,5,1,1,1,1,1,1,7,7,7,1,7,7,7,7,1,1,1,1,1,1,1,1,1,1,1,1,1,1,1,1
13/07/2023 18:02,13/07/2023 18:12,0,130.209.157.53,100,623,1,13/07/2023 18:12,R_3dXRR9PCYh2rh1h,,,,,55.867,-4.2621,anonymous,EN,P19,5,2,5,5,5,5,5,5,5,5,5,5,5,5,5,5,5,5,5,5,5,5,5,5,5,1,1,1,1,1,1,5,5,5,5,5,5,5,5,7,7,7,1,7,7,7,7,1,1,1,1,1,1,1,1,1,1,1,1,1,1,1,1
13/07/2023 18:12,14/07/2023 9:55,0,130.209.157.48,100,56585,1,14/07/2023 9:55,R_YaToass5391eAWB,,,,,55.867,-4.2621,anonymous,EN,P20,1,1,5,4,5,4,5,4,4,4,5,5,5,5,5,5,4,4,5,5,3,4,5,5,5,4,4,2,4,2,4,5,5,4,5,2,4,3,4,4,6,6,1,7,7,1,7,1,1,1,1,1,1,1,1,1,1,1,1,1,1,1,1
14/07/2023 9:55,14/07/2023 10:06,0,130.209.157.48,100,666,1,14/07/2023 10:06,R_30i37FkT7AzbGpj,,,,,55.867,-4.2621,anonymous,EN,P20,2,2,5,5,5,5,5,5,5,5,5,5,5,5,5,5,5,5,5,5,3,5,5,5,5,2,2,1,1,1,4,5,5,2,2,1,5,5,5,7,7,4,1,7,7,1,7,1,1,1,1,1,1,1,1,1,1,1,1,1,1,1,1
14/07/2023 10:19,14/07/2023 10:33,0,130.209.157.48,100,844,1,14/07/2023 10:33,R_Od8IwD6vfd9tOTv,,,,,55.867,-4.2621,anonymous,EN,P20,4,3,4,4,4,4,4,4,3,3,3,5,4,4,4,4,3,4,4,4,5,4,5,5,5,4,4,2,4,2,2,3,4,3,5,4,2,2,4,4,4,3,5,7,7,1,7,1,1,1,1,1,1,1,1,1,1,1,1,1,1,1,1
14/07/2023 10:33,14/07/2023 10:45,0,130.209.157.48,100,707,1,14/07/2023 10:45,R_3qDyOGKB3GNF9Gn,,,,,55.867,-4.2621,anonymous,EN,P20,5,5,5,4,4,5,5,5,4,4,4,5,5,5,5,5,5,4,5,5,5,4,5,5,5,2,2,2,1,1,4,5,5,2,4,2,5,4,4,6,6,6,2,7,7,1,7,1,1,1,1,1,1,1,1,1,1,1,1,1,1,1,1
14/07/2023 10:45,14/07/2023 16:58,0,130.209.157.51,100,22428,1,14/07/2023 16:58,R_1C2uxvQQYlilVtq,,,,,55.867,-4.2621,anonymous,EN,P21,1,3,3,2,2,1,2,2,1,1,4,4,3,3,5,5,5,2,3,3,5,1,4,4,2,5,5,4,4,5,1,1,1,5,4,3,1,1,4,1,1,1,7,5,6,2,7,1,1,1,1,1,1,1,1,1,1,1,1,1,1,1,1
14/07/2023 16:58,14/07/2023 17:13,0,130.209.157.51,100,863,1,14/07/2023 17:13,R_3DwEPEn16MzYg4Y,,,,,55.867,-4.2621,anonymous,EN,P21,2,2,5,5,5,3,5,5,5,5,5,5,5,5,5,5,5,5,5,5,3,4,3,3,4,3,3,2,2,2,4,4,5,2,2,2,4,4,4,6,6,6,2,6,7,1,5,1,1,1,1,1,1,1,1,1,1,1,1,1,1,1,1
14/07/2023 17:13,14/07/2023 17:27,0,130.209.157.51,100,874,1,14/07/2023 17:27,R_2fwaXzLgZjRYQoC,,,,,55.867,-4.2621,anonymous,EN,P21,3,5,1,1,1,1,1,1,1,1,1,1,1,1,1,1,1,1,1,1,1,1,1,4,1,5,5,5,5,5,1,1,1,5,5,5,1,1,1,1,1,1,7,5,6,2,5,1,1,1,3,3,1,1,1,1,1,1,1,1,1,1,1
14/07/2023 17:27,14/07/2023 17:44,0,130.209.157.51,100,969,1,14/07/2023 17:44,R_YWherzY31f2Yogx,,,,,55.867,-4.2621,anonymous,EN,P21,4,1,1,1,1,1,1,1,1,1,1,1,1,1,1,1,1,1,1,1,1,1,3,3,1,4,5,3,5,5,2,2,2,4,4,4,2,2,2,2,2,2,6,4,4,4,4,1,1,1,1,1,1,1,1,1,1,1,1,1,1,1,1
14/07/2023 17:58,14/07/2023 19:38,0,130.209.157.51,100,6005,1,14/07/2023 19:38,R_2fSzNDNEwgySyv7,,,,,55.867,-4.2621,anonymous,EN,P22,1,5,4,3,3,3,2,4,2,3,5,2,4,4,4,4,4,3,2,3,4,1,4,3,5,4,4,2,3,4,3,4,4,4,5,5,3,1,2,7,7,5,5,5,5,4,5,3,1,2,2,1,1,1,1,2,2,1,1,1,1,1,1
14/07/2023 19:54,14/07/2023 20:09,0,130.209.157.51,100,905,1,14/07/2023 20:09,R_afRkkpgizKU0X0l,,,,,55.867,-4.2621,anonymous,EN,P22,3,3,1,2,2,2,2,4,1,3,4,2,1,2,3,3,3,2,4,3,3,3,3,3,3,4,4,4,3,5,3,3,3,4,5,5,3,2,1,2,1,4,1,4,4,7,2,2,3,3,2,2,1,1,1,2,1,1,1,1,1,1,1
14/07/2023 20:09,14/07/2023 20:25,0,130.209.157.51,100,921,1,14/07/2023 20:25,R_1lttiylSpxGnENt,,,,,55.867,-4.2621,anonymous,EN,P22,4,1,3,3,3,3,3,3,3,3,3,3,3,3,3,3,3,3,3,3,3,3,3,3,3,3,3,3,3,3,3,3,3,3,3,3,3,3,3,4,4,4,4,4,4,4,4,1,1,2,2,2,1,1,1,2,1,1,1,1,1,1,1
14/07/2023 20:25,14/07/2023 20:35,0,130.209.157.51,100,630,1,14/07/2023 20:35,R_2wsheTtqw8dquGw,,,,,55.867,-4.2621,anonymous,EN,P22,5,2,3,3,3,3,3,3,3,3,3,3,3,3,3,3,3,3,3,3,3,3,3,3,3,3,3,3,3,3,3,3,3,3,3,3,3,3,3,4,4,4,4,4,4,4,4,3,3,3,3,3,3,3,3,3,3,3,3,3,3,3,3